{"cameraMode":{"drawMode":0,"name":"Shaded","section":"Shading Mode"},"sceneLighting":false,"audioPlay":false,"sceneViewState":{"showFog":true,"showMaterialUpdate":false,"showSkybox":false,"showFlares":true,"showImageEffects":true,"showParticleSystems":true},"in2DMode":false,"pivot":{"x":14.80000114440918,"y":12.991926193237305,"z":-0.242034912109375},"rotation":{"x":-0.15300506353378297,"y":0.5882311463356018,"z":-0.11453858017921448,"w":-0.7857867479324341},"size":68.10192108154297,"orthographic":false}