{"cameraMode":{"drawMode":0,"name":"Shaded","section":"Shading Mode"},"sceneLighting":false,"audioPlay":false,"sceneViewState":{"showFog":false,"showMaterialUpdate":false,"showSkybox":true,"showFlares":false,"showImageEffects":false,"showParticleSystems":false},"in2DMode":false,"pivot":{"x":-200.37283325195313,"y":54.590763092041019,"z":-156.8957977294922},"rotation":{"x":-0.17931710183620454,"y":-0.01416772324591875,"z":0.0025897042360156776,"w":-0.9836971759796143},"size":27.785797119140626,"orthographic":false}