{"cameraMode":{"drawMode":0,"name":"Shaded","section":"Shading Mode"},"sceneLighting":false,"audioPlay":false,"sceneViewState":{"showFog":true,"showMaterialUpdate":false,"showSkybox":false,"showFlares":true,"showImageEffects":true,"showParticleSystems":true},"in2DMode":false,"pivot":{"x":-8.30000114440918,"y":0.0,"z":-0.15305328369140626},"rotation":{"x":-0.36272984743118288,"y":0.07035073637962342,"z":-0.02747412584722042,"w":-0.9288316369056702},"size":19.452537536621095,"orthographic":false}