{"cameraMode":{"drawMode":0,"name":"Shaded","section":"Shading Mode"},"sceneLighting":false,"audioPlay":false,"sceneViewState":{"showFog":false,"showMaterialUpdate":false,"showSkybox":true,"showFlares":false,"showImageEffects":false,"showParticleSystems":false},"in2DMode":false,"pivot":{"x":166.05995178222657,"y":418.9137878417969,"z":-30.00543212890625},"rotation":{"x":-0.17931710183620454,"y":-0.01416772324591875,"z":0.0025897042360156776,"w":-0.9836971759796143},"size":391.6659240722656,"orthographic":false}