{"cameraMode":{"drawMode":0,"name":"Shaded","section":"Shading Mode"},"sceneLighting":false,"audioPlay":false,"sceneViewState":{"showFog":true,"showMaterialUpdate":false,"showSkybox":false,"showFlares":true,"showImageEffects":true,"showParticleSystems":true},"in2DMode":false,"pivot":{"x":-45.81821823120117,"y":1.0734424591064454,"z":-4.853908538818359},"rotation":{"x":-0.20376551151275636,"y":0.546464741230011,"z":-0.13913369178771974,"w":-0.8003148436546326},"size":40.006099700927737,"orthographic":false}